Temp_Category,avg_demand
Mild,5.09113800502703
Hot,5.00073708777781
Cold,4.04064512716667
