Hour,avg_demand
15,5.53792519676471
14,5.51370265623529
16,5.49627449838235
13,5.47875823029412
12,5.45745912691176
17,5.36763434964706
11,5.29091506758824
18,5.24121162711765
10,5.07454576873529
19,5.04180243002941
20,4.79066649805882
21,4.6042216295
22,4.47761997273529
23,4.34675400444118
