month_name,m_avg_demand
January,4.04038168210227
July,5.50007330921429
