weekday_name,avg_demand
Sunday,5.1228207897458
Thursday,4.79366608422321
