Hour,avg_demand
17,5.7655997693125
18,5.6702958270625
19,5.33918616565625
16,5.08608649325
20,4.9798348728125
12,4.67720728109375
13,4.65484549603125
21,4.652857810875
15,4.6500897459375
14,4.61982550728125
11,4.4150187213125
22,4.36812773409375
10,4.35254525746875
23,3.8798044969375
