Temp_Category,avg_demand
Mild,5.9090356956
Hot,5.49085467913333
Cold,3.761200116
