month,avg_windspeed,max_windspeed,min_windspeed
1,15.5521632183908,39.0007,0.0
2,17.1436379844961,50.0021,0.0
3,16.4830347490347,40.9973,0.0
4,18.0040507633588,40.9973,0.0
5,13.7847603846154,40.9973,0.0
6,12.8495652509653,35.0008,0.0
7,13.4676417624521,56.9969,0.0
8,13.9730837209302,43.0006,0.0
9,12.4392916030534,40.9973,0.0
10,11.8051176245211,36.9974,0.0
11,13.5003711538462,36.9974,0.0
12,11.9927680769231,43.0006,0.0
