season_name,ss_avg_demand
fall,5.36559323309273
spring,4.29699429897487
